id,text,label,timestamp
0,Breaking: new study claims coffee cures colds,1,2025-08-08 07:56:32.946677
1,Rumor circulating about celebrity incident,1,2025-08-08 07:57:32.946677
2,Rumor circulating about celebrity incident,1,2025-08-08 07:58:32.946677
3,Satire piece about tech CEO,0,2025-08-08 07:59:32.946677
4,Satire piece about tech CEO,0,2025-08-08 08:00:32.946677
5,Analysis: election turnout data,1,2025-08-08 08:01:32.946677
6,Breaking: new study claims coffee cures colds,0,2025-08-08 08:02:32.946677
7,Rumor circulating about celebrity incident,1,2025-08-08 08:03:32.946677
8,Official update: vaccination schedule released,0,2025-08-08 08:04:32.946677
9,Breaking: new study claims coffee cures colds,0,2025-08-08 08:05:32.946677
10,Satire piece about tech CEO,0,2025-08-08 08:06:32.946677
11,Analysis: election turnout data,1,2025-08-08 08:07:32.946677
12,Rumor circulating about celebrity incident,0,2025-08-08 08:08:32.946677
13,Rumor circulating about celebrity incident,0,2025-08-08 08:09:32.946677
14,Rumor circulating about celebrity incident,0,2025-08-08 08:10:32.946677
15,Rumor circulating about celebrity incident,0,2025-08-08 08:11:32.946677
16,Satire piece about tech CEO,0,2025-08-08 08:12:32.946677
17,Breaking: new study claims coffee cures colds,1,2025-08-08 08:13:32.946677
18,Analysis: election turnout data,0,2025-08-08 08:14:32.946677
19,Satire piece about tech CEO,1,2025-08-08 08:15:32.946677
20,Satire piece about tech CEO,1,2025-08-08 08:16:32.946677
21,Official update: vaccination schedule released,0,2025-08-08 08:17:32.946677
22,Breaking: new study claims coffee cures colds,0,2025-08-08 08:18:32.946677
23,Analysis: election turnout data,1,2025-08-08 08:19:32.946677
24,Rumor circulating about celebrity incident,0,2025-08-08 08:20:32.946677
25,Rumor circulating about celebrity incident,0,2025-08-08 08:21:32.946677
26,Satire piece about tech CEO,1,2025-08-08 08:22:32.946677
27,Analysis: election turnout data,1,2025-08-08 08:23:32.946677
28,Satire piece about tech CEO,1,2025-08-08 08:24:32.946677
29,Satire piece about tech CEO,0,2025-08-08 08:25:32.946677
30,Satire piece about tech CEO,1,2025-08-08 08:26:32.946677
31,Official update: vaccination schedule released,1,2025-08-08 08:27:32.946677
32,Breaking: new study claims coffee cures colds,0,2025-08-08 08:28:32.946677
33,Satire piece about tech CEO,1,2025-08-08 08:29:32.946677
34,Analysis: election turnout data,0,2025-08-08 08:30:32.946677
35,Breaking: new study claims coffee cures colds,0,2025-08-08 08:31:32.946677
36,Analysis: election turnout data,0,2025-08-08 08:32:32.946677
37,Analysis: election turnout data,0,2025-08-08 08:33:32.946677
38,Official update: vaccination schedule released,0,2025-08-08 08:34:32.946677
39,Rumor circulating about celebrity incident,1,2025-08-08 08:35:32.946677
40,Breaking: new study claims coffee cures colds,1,2025-08-08 08:36:32.946677
41,Rumor circulating about celebrity incident,0,2025-08-08 08:37:32.946677
42,Rumor circulating about celebrity incident,1,2025-08-08 08:38:32.946677
43,Official update: vaccination schedule released,1,2025-08-08 08:39:32.946677
44,Breaking: new study claims coffee cures colds,0,2025-08-08 08:40:32.946677
45,Analysis: election turnout data,0,2025-08-08 08:41:32.946677
46,Satire piece about tech CEO,0,2025-08-08 08:42:32.946677
47,Analysis: election turnout data,0,2025-08-08 08:43:32.946677
48,Rumor circulating about celebrity incident,1,2025-08-08 08:44:32.946677
49,Rumor circulating about celebrity incident,0,2025-08-08 08:45:32.946677
50,Rumor circulating about celebrity incident,0,2025-08-08 08:46:32.946677
51,Breaking: new study claims coffee cures colds,0,2025-08-08 08:47:32.946677
52,Official update: vaccination schedule released,0,2025-08-08 08:48:32.946677
53,Satire piece about tech CEO,1,2025-08-08 08:49:32.946677
54,Satire piece about tech CEO,0,2025-08-08 08:50:32.946677
55,Breaking: new study claims coffee cures colds,0,2025-08-08 08:51:32.946677
56,Satire piece about tech CEO,0,2025-08-08 08:52:32.946677
57,Breaking: new study claims coffee cures colds,0,2025-08-08 08:53:32.946677
58,Rumor circulating about celebrity incident,0,2025-08-08 08:54:32.946677
59,Rumor circulating about celebrity incident,0,2025-08-08 08:55:32.946677
60,Analysis: election turnout data,0,2025-08-08 08:56:32.946677
61,Rumor circulating about celebrity incident,0,2025-08-08 08:57:32.946677
62,Official update: vaccination schedule released,1,2025-08-08 08:58:32.946677
63,Analysis: election turnout data,1,2025-08-08 08:59:32.946677
64,Satire piece about tech CEO,1,2025-08-08 09:00:32.946677
65,Official update: vaccination schedule released,1,2025-08-08 09:01:32.946677
66,Analysis: election turnout data,1,2025-08-08 09:02:32.946677
67,Official update: vaccination schedule released,0,2025-08-08 09:03:32.946677
68,Breaking: new study claims coffee cures colds,0,2025-08-08 09:04:32.946677
69,Satire piece about tech CEO,0,2025-08-08 09:05:32.946677
70,Rumor circulating about celebrity incident,0,2025-08-08 09:06:32.946677
71,Breaking: new study claims coffee cures colds,1,2025-08-08 09:07:32.946677
72,Satire piece about tech CEO,0,2025-08-08 09:08:32.946677
73,Breaking: new study claims coffee cures colds,1,2025-08-08 09:09:32.946677
74,Rumor circulating about celebrity incident,1,2025-08-08 09:10:32.946677
75,Satire piece about tech CEO,0,2025-08-08 09:11:32.946677
76,Official update: vaccination schedule released,1,2025-08-08 09:12:32.946677
77,Official update: vaccination schedule released,0,2025-08-08 09:13:32.946677
78,Satire piece about tech CEO,1,2025-08-08 09:14:32.946677
79,Rumor circulating about celebrity incident,0,2025-08-08 09:15:32.946677
80,Analysis: election turnout data,0,2025-08-08 09:16:32.946677
81,Satire piece about tech CEO,0,2025-08-08 09:17:32.946677
82,Breaking: new study claims coffee cures colds,0,2025-08-08 09:18:32.946677
83,Analysis: election turnout data,0,2025-08-08 09:19:32.946677
84,Rumor circulating about celebrity incident,1,2025-08-08 09:20:32.946677
85,Rumor circulating about celebrity incident,1,2025-08-08 09:21:32.946677
86,Breaking: new study claims coffee cures colds,0,2025-08-08 09:22:32.946677
87,Official update: vaccination schedule released,0,2025-08-08 09:23:32.946677
88,Rumor circulating about celebrity incident,0,2025-08-08 09:24:32.946677
89,Analysis: election turnout data,0,2025-08-08 09:25:32.946677
90,Satire piece about tech CEO,1,2025-08-08 09:26:32.946677
91,Analysis: election turnout data,0,2025-08-08 09:27:32.946677
92,Analysis: election turnout data,0,2025-08-08 09:28:32.946677
93,Official update: vaccination schedule released,0,2025-08-08 09:29:32.946677
94,Analysis: election turnout data,0,2025-08-08 09:30:32.946677
95,Official update: vaccination schedule released,0,2025-08-08 09:31:32.946677
96,Official update: vaccination schedule released,1,2025-08-08 09:32:32.946677
97,Rumor circulating about celebrity incident,1,2025-08-08 09:33:32.946677
98,Rumor circulating about celebrity incident,1,2025-08-08 09:34:32.946677
99,Breaking: new study claims coffee cures colds,1,2025-08-08 09:35:32.946677
100,Analysis: election turnout data,0,2025-08-08 09:36:32.946677
101,Breaking: new study claims coffee cures colds,1,2025-08-08 09:37:32.946677
102,Analysis: election turnout data,1,2025-08-08 09:38:32.946677
103,Breaking: new study claims coffee cures colds,1,2025-08-08 09:39:32.946677
104,Rumor circulating about celebrity incident,1,2025-08-08 09:40:32.946677
105,Rumor circulating about celebrity incident,1,2025-08-08 09:41:32.946677
106,Rumor circulating about celebrity incident,1,2025-08-08 09:42:32.946677
107,Rumor circulating about celebrity incident,0,2025-08-08 09:43:32.946677
108,Satire piece about tech CEO,1,2025-08-08 09:44:32.946677
109,Rumor circulating about celebrity incident,0,2025-08-08 09:45:32.946677
110,Official update: vaccination schedule released,0,2025-08-08 09:46:32.946677
111,Rumor circulating about celebrity incident,1,2025-08-08 09:47:32.946677
112,Satire piece about tech CEO,1,2025-08-08 09:48:32.946677
113,Satire piece about tech CEO,1,2025-08-08 09:49:32.946677
114,Satire piece about tech CEO,0,2025-08-08 09:50:32.946677
115,Satire piece about tech CEO,1,2025-08-08 09:51:32.946677
116,Breaking: new study claims coffee cures colds,1,2025-08-08 09:52:32.946677
117,Breaking: new study claims coffee cures colds,0,2025-08-08 09:53:32.946677
118,Official update: vaccination schedule released,0,2025-08-08 09:54:32.946677
119,Breaking: new study claims coffee cures colds,0,2025-08-08 09:55:32.946677
120,Satire piece about tech CEO,1,2025-08-08 09:56:32.946677
121,Rumor circulating about celebrity incident,0,2025-08-08 09:57:32.946677
122,Rumor circulating about celebrity incident,1,2025-08-08 09:58:32.946677
123,Satire piece about tech CEO,0,2025-08-08 09:59:32.946677
124,Analysis: election turnout data,1,2025-08-08 10:00:32.946677
125,Satire piece about tech CEO,0,2025-08-08 10:01:32.946677
126,Breaking: new study claims coffee cures colds,1,2025-08-08 10:02:32.946677
127,Rumor circulating about celebrity incident,0,2025-08-08 10:03:32.946677
128,Satire piece about tech CEO,0,2025-08-08 10:04:32.946677
129,Rumor circulating about celebrity incident,1,2025-08-08 10:05:32.946677
130,Satire piece about tech CEO,1,2025-08-08 10:06:32.946677
131,Satire piece about tech CEO,1,2025-08-08 10:07:32.946677
132,Breaking: new study claims coffee cures colds,0,2025-08-08 10:08:32.946677
133,Satire piece about tech CEO,0,2025-08-08 10:09:32.946677
134,Rumor circulating about celebrity incident,0,2025-08-08 10:10:32.946677
135,Official update: vaccination schedule released,0,2025-08-08 10:11:32.946677
136,Rumor circulating about celebrity incident,1,2025-08-08 10:12:32.946677
137,Breaking: new study claims coffee cures colds,1,2025-08-08 10:13:32.946677
138,Official update: vaccination schedule released,1,2025-08-08 10:14:32.946677
139,Satire piece about tech CEO,1,2025-08-08 10:15:32.946677
140,Analysis: election turnout data,1,2025-08-08 10:16:32.946677
141,Official update: vaccination schedule released,1,2025-08-08 10:17:32.946677
142,Official update: vaccination schedule released,0,2025-08-08 10:18:32.946677
143,Satire piece about tech CEO,0,2025-08-08 10:19:32.946677
144,Analysis: election turnout data,1,2025-08-08 10:20:32.946677
145,Analysis: election turnout data,1,2025-08-08 10:21:32.946677
146,Breaking: new study claims coffee cures colds,0,2025-08-08 10:22:32.946677
147,Official update: vaccination schedule released,0,2025-08-08 10:23:32.946677
148,Analysis: election turnout data,1,2025-08-08 10:24:32.946677
149,Breaking: new study claims coffee cures colds,0,2025-08-08 10:25:32.946677
150,Analysis: election turnout data,0,2025-08-08 10:26:32.946677
151,Official update: vaccination schedule released,1,2025-08-08 10:27:32.946677
152,Analysis: election turnout data,1,2025-08-08 10:28:32.946677
153,Official update: vaccination schedule released,0,2025-08-08 10:29:32.946677
154,Satire piece about tech CEO,1,2025-08-08 10:30:32.946677
155,Rumor circulating about celebrity incident,0,2025-08-08 10:31:32.946677
156,Breaking: new study claims coffee cures colds,1,2025-08-08 10:32:32.946677
157,Satire piece about tech CEO,0,2025-08-08 10:33:32.946677
158,Satire piece about tech CEO,0,2025-08-08 10:34:32.946677
159,Rumor circulating about celebrity incident,0,2025-08-08 10:35:32.946677
160,Analysis: election turnout data,0,2025-08-08 10:36:32.946677
161,Rumor circulating about celebrity incident,1,2025-08-08 10:37:32.946677
162,Satire piece about tech CEO,0,2025-08-08 10:38:32.946677
163,Satire piece about tech CEO,0,2025-08-08 10:39:32.946677
164,Satire piece about tech CEO,0,2025-08-08 10:40:32.946677
165,Analysis: election turnout data,1,2025-08-08 10:41:32.946677
166,Official update: vaccination schedule released,1,2025-08-08 10:42:32.946677
167,Breaking: new study claims coffee cures colds,1,2025-08-08 10:43:32.946677
168,Official update: vaccination schedule released,0,2025-08-08 10:44:32.946677
169,Breaking: new study claims coffee cures colds,0,2025-08-08 10:45:32.946677
170,Breaking: new study claims coffee cures colds,0,2025-08-08 10:46:32.946677
171,Breaking: new study claims coffee cures colds,0,2025-08-08 10:47:32.946677
172,Rumor circulating about celebrity incident,1,2025-08-08 10:48:32.946677
173,Rumor circulating about celebrity incident,1,2025-08-08 10:49:32.946677
174,Rumor circulating about celebrity incident,0,2025-08-08 10:50:32.946677
175,Satire piece about tech CEO,0,2025-08-08 10:51:32.946677
176,Rumor circulating about celebrity incident,1,2025-08-08 10:52:32.946677
177,Breaking: new study claims coffee cures colds,0,2025-08-08 10:53:32.946677
178,Analysis: election turnout data,0,2025-08-08 10:54:32.946677
179,Satire piece about tech CEO,0,2025-08-08 10:55:32.946677
180,Analysis: election turnout data,0,2025-08-08 10:56:32.946677
181,Breaking: new study claims coffee cures colds,0,2025-08-08 10:57:32.946677
182,Satire piece about tech CEO,0,2025-08-08 10:58:32.946677
183,Rumor circulating about celebrity incident,0,2025-08-08 10:59:32.946677
184,Satire piece about tech CEO,1,2025-08-08 11:00:32.946677
185,Satire piece about tech CEO,0,2025-08-08 11:01:32.946677
186,Breaking: new study claims coffee cures colds,0,2025-08-08 11:02:32.946677
187,Official update: vaccination schedule released,1,2025-08-08 11:03:32.946677
188,Official update: vaccination schedule released,1,2025-08-08 11:04:32.946677
189,Official update: vaccination schedule released,0,2025-08-08 11:05:32.946677
190,Rumor circulating about celebrity incident,0,2025-08-08 11:06:32.946677
191,Rumor circulating about celebrity incident,1,2025-08-08 11:07:32.946677
192,Rumor circulating about celebrity incident,0,2025-08-08 11:08:32.946677
193,Official update: vaccination schedule released,0,2025-08-08 11:09:32.946677
194,Analysis: election turnout data,1,2025-08-08 11:10:32.946677
195,Breaking: new study claims coffee cures colds,0,2025-08-08 11:11:32.946677
196,Official update: vaccination schedule released,1,2025-08-08 11:12:32.946677
197,Breaking: new study claims coffee cures colds,0,2025-08-08 11:13:32.946677
198,Official update: vaccination schedule released,1,2025-08-08 11:14:32.946677
199,Analysis: election turnout data,0,2025-08-08 11:15:32.946677
200,Official update: vaccination schedule released,0,2025-08-08 11:16:32.946677
201,Analysis: election turnout data,0,2025-08-08 11:17:32.946677
202,Satire piece about tech CEO,0,2025-08-08 11:18:32.946677
203,Rumor circulating about celebrity incident,1,2025-08-08 11:19:32.946677
204,Satire piece about tech CEO,0,2025-08-08 11:20:32.946677
205,Official update: vaccination schedule released,0,2025-08-08 11:21:32.946677
206,Rumor circulating about celebrity incident,1,2025-08-08 11:22:32.946677
207,Analysis: election turnout data,1,2025-08-08 11:23:32.946677
208,Official update: vaccination schedule released,0,2025-08-08 11:24:32.946677
209,Rumor circulating about celebrity incident,0,2025-08-08 11:25:32.946677
210,Official update: vaccination schedule released,1,2025-08-08 11:26:32.946677
211,Rumor circulating about celebrity incident,1,2025-08-08 11:27:32.946677
212,Rumor circulating about celebrity incident,1,2025-08-08 11:28:32.946677
213,Satire piece about tech CEO,1,2025-08-08 11:29:32.946677
214,Rumor circulating about celebrity incident,1,2025-08-08 11:30:32.946677
215,Official update: vaccination schedule released,0,2025-08-08 11:31:32.946677
216,Breaking: new study claims coffee cures colds,0,2025-08-08 11:32:32.946677
217,Breaking: new study claims coffee cures colds,0,2025-08-08 11:33:32.946677
218,Satire piece about tech CEO,1,2025-08-08 11:34:32.946677
219,Analysis: election turnout data,1,2025-08-08 11:35:32.946677
220,Breaking: new study claims coffee cures colds,0,2025-08-08 11:36:32.946677
221,Satire piece about tech CEO,0,2025-08-08 11:37:32.946677
222,Rumor circulating about celebrity incident,0,2025-08-08 11:38:32.946677
223,Official update: vaccination schedule released,1,2025-08-08 11:39:32.946677
224,Rumor circulating about celebrity incident,0,2025-08-08 11:40:32.946677
225,Official update: vaccination schedule released,0,2025-08-08 11:41:32.946677
226,Analysis: election turnout data,0,2025-08-08 11:42:32.946677
227,Satire piece about tech CEO,0,2025-08-08 11:43:32.946677
228,Satire piece about tech CEO,0,2025-08-08 11:44:32.946677
229,Breaking: new study claims coffee cures colds,0,2025-08-08 11:45:32.946677
230,Satire piece about tech CEO,0,2025-08-08 11:46:32.946677
231,Analysis: election turnout data,0,2025-08-08 11:47:32.946677
232,Breaking: new study claims coffee cures colds,0,2025-08-08 11:48:32.946677
233,Rumor circulating about celebrity incident,0,2025-08-08 11:49:32.946677
234,Satire piece about tech CEO,0,2025-08-08 11:50:32.946677
235,Rumor circulating about celebrity incident,1,2025-08-08 11:51:32.946677
236,Rumor circulating about celebrity incident,0,2025-08-08 11:52:32.946677
237,Satire piece about tech CEO,0,2025-08-08 11:53:32.946677
238,Official update: vaccination schedule released,0,2025-08-08 11:54:32.946677
239,Rumor circulating about celebrity incident,0,2025-08-08 11:55:32.946677
240,Breaking: new study claims coffee cures colds,0,2025-08-08 11:56:32.946677
241,Satire piece about tech CEO,0,2025-08-08 11:57:32.946677
242,Breaking: new study claims coffee cures colds,1,2025-08-08 11:58:32.946677
243,Rumor circulating about celebrity incident,0,2025-08-08 11:59:32.946677
244,Rumor circulating about celebrity incident,0,2025-08-08 12:00:32.946677
245,Breaking: new study claims coffee cures colds,0,2025-08-08 12:01:32.946677
246,Rumor circulating about celebrity incident,0,2025-08-08 12:02:32.946677
247,Satire piece about tech CEO,0,2025-08-08 12:03:32.946677
248,Rumor circulating about celebrity incident,1,2025-08-08 12:04:32.946677
249,Breaking: new study claims coffee cures colds,1,2025-08-08 12:05:32.946677
250,Breaking: new study claims coffee cures colds,0,2025-08-08 12:06:32.946677
251,Satire piece about tech CEO,0,2025-08-08 12:07:32.946677
252,Breaking: new study claims coffee cures colds,0,2025-08-08 12:08:32.946677
253,Official update: vaccination schedule released,0,2025-08-08 12:09:32.946677
254,Rumor circulating about celebrity incident,1,2025-08-08 12:10:32.946677
255,Breaking: new study claims coffee cures colds,0,2025-08-08 12:11:32.946677
256,Rumor circulating about celebrity incident,0,2025-08-08 12:12:32.946677
257,Breaking: new study claims coffee cures colds,1,2025-08-08 12:13:32.946677
258,Breaking: new study claims coffee cures colds,0,2025-08-08 12:14:32.946677
259,Satire piece about tech CEO,0,2025-08-08 12:15:32.946677
260,Rumor circulating about celebrity incident,1,2025-08-08 12:16:32.946677
261,Breaking: new study claims coffee cures colds,0,2025-08-08 12:17:32.946677
262,Official update: vaccination schedule released,0,2025-08-08 12:18:32.946677
263,Analysis: election turnout data,0,2025-08-08 12:19:32.946677
264,Analysis: election turnout data,1,2025-08-08 12:20:32.946677
265,Satire piece about tech CEO,0,2025-08-08 12:21:32.946677
266,Satire piece about tech CEO,0,2025-08-08 12:22:32.946677
267,Official update: vaccination schedule released,0,2025-08-08 12:23:32.946677
268,Rumor circulating about celebrity incident,0,2025-08-08 12:24:32.946677
269,Satire piece about tech CEO,1,2025-08-08 12:25:32.946677
270,Official update: vaccination schedule released,0,2025-08-08 12:26:32.946677
271,Breaking: new study claims coffee cures colds,0,2025-08-08 12:27:32.946677
272,Breaking: new study claims coffee cures colds,0,2025-08-08 12:28:32.946677
273,Analysis: election turnout data,1,2025-08-08 12:29:32.946677
274,Satire piece about tech CEO,0,2025-08-08 12:30:32.946677
275,Satire piece about tech CEO,1,2025-08-08 12:31:32.946677
276,Satire piece about tech CEO,1,2025-08-08 12:32:32.946677
277,Rumor circulating about celebrity incident,0,2025-08-08 12:33:32.946677
278,Breaking: new study claims coffee cures colds,1,2025-08-08 12:34:32.946677
279,Breaking: new study claims coffee cures colds,1,2025-08-08 12:35:32.946677
280,Official update: vaccination schedule released,0,2025-08-08 12:36:32.946677
281,Satire piece about tech CEO,1,2025-08-08 12:37:32.946677
282,Rumor circulating about celebrity incident,0,2025-08-08 12:38:32.946677
283,Satire piece about tech CEO,1,2025-08-08 12:39:32.946677
284,Satire piece about tech CEO,1,2025-08-08 12:40:32.946677
285,Analysis: election turnout data,0,2025-08-08 12:41:32.946677
286,Breaking: new study claims coffee cures colds,1,2025-08-08 12:42:32.946677
287,Satire piece about tech CEO,0,2025-08-08 12:43:32.946677
288,Satire piece about tech CEO,1,2025-08-08 12:44:32.946677
289,Satire piece about tech CEO,1,2025-08-08 12:45:32.946677
290,Analysis: election turnout data,0,2025-08-08 12:46:32.946677
291,Official update: vaccination schedule released,0,2025-08-08 12:47:32.946677
292,Analysis: election turnout data,0,2025-08-08 12:48:32.946677
293,Official update: vaccination schedule released,0,2025-08-08 12:49:32.946677
294,Satire piece about tech CEO,0,2025-08-08 12:50:32.946677
295,Satire piece about tech CEO,0,2025-08-08 12:51:32.946677
296,Analysis: election turnout data,0,2025-08-08 12:52:32.946677
297,Satire piece about tech CEO,0,2025-08-08 12:53:32.946677
298,Official update: vaccination schedule released,1,2025-08-08 12:54:32.946677
299,Breaking: new study claims coffee cures colds,1,2025-08-08 12:55:32.946677
300,Official update: vaccination schedule released,1,2025-08-08 12:56:32.946677
301,Analysis: election turnout data,0,2025-08-08 12:57:32.946677
302,Breaking: new study claims coffee cures colds,1,2025-08-08 12:58:32.946677
303,Analysis: election turnout data,0,2025-08-08 12:59:32.946677
304,Satire piece about tech CEO,0,2025-08-08 13:00:32.946677
305,Breaking: new study claims coffee cures colds,0,2025-08-08 13:01:32.946677
306,Official update: vaccination schedule released,1,2025-08-08 13:02:32.946677
307,Satire piece about tech CEO,0,2025-08-08 13:03:32.946677
308,Official update: vaccination schedule released,0,2025-08-08 13:04:32.946677
309,Breaking: new study claims coffee cures colds,1,2025-08-08 13:05:32.946677
310,Rumor circulating about celebrity incident,0,2025-08-08 13:06:32.946677
311,Rumor circulating about celebrity incident,0,2025-08-08 13:07:32.946677
312,Breaking: new study claims coffee cures colds,1,2025-08-08 13:08:32.946677
313,Official update: vaccination schedule released,0,2025-08-08 13:09:32.946677
314,Official update: vaccination schedule released,0,2025-08-08 13:10:32.946677
315,Rumor circulating about celebrity incident,1,2025-08-08 13:11:32.946677
316,Rumor circulating about celebrity incident,1,2025-08-08 13:12:32.946677
317,Rumor circulating about celebrity incident,0,2025-08-08 13:13:32.946677
318,Analysis: election turnout data,1,2025-08-08 13:14:32.946677
319,Rumor circulating about celebrity incident,0,2025-08-08 13:15:32.946677
320,Official update: vaccination schedule released,0,2025-08-08 13:16:32.946677
321,Breaking: new study claims coffee cures colds,0,2025-08-08 13:17:32.946677
322,Rumor circulating about celebrity incident,0,2025-08-08 13:18:32.946677
323,Analysis: election turnout data,1,2025-08-08 13:19:32.946677
324,Analysis: election turnout data,1,2025-08-08 13:20:32.946677
325,Official update: vaccination schedule released,0,2025-08-08 13:21:32.946677
326,Official update: vaccination schedule released,0,2025-08-08 13:22:32.946677
327,Breaking: new study claims coffee cures colds,0,2025-08-08 13:23:32.946677
328,Breaking: new study claims coffee cures colds,1,2025-08-08 13:24:32.946677
329,Satire piece about tech CEO,0,2025-08-08 13:25:32.946677
330,Satire piece about tech CEO,1,2025-08-08 13:26:32.946677
331,Official update: vaccination schedule released,0,2025-08-08 13:27:32.946677
332,Official update: vaccination schedule released,0,2025-08-08 13:28:32.946677
333,Analysis: election turnout data,1,2025-08-08 13:29:32.946677
334,Satire piece about tech CEO,1,2025-08-08 13:30:32.946677
335,Analysis: election turnout data,0,2025-08-08 13:31:32.946677
336,Analysis: election turnout data,1,2025-08-08 13:32:32.946677
337,Official update: vaccination schedule released,1,2025-08-08 13:33:32.946677
338,Official update: vaccination schedule released,0,2025-08-08 13:34:32.946677
339,Analysis: election turnout data,0,2025-08-08 13:35:32.946677
340,Rumor circulating about celebrity incident,0,2025-08-08 13:36:32.946677
341,Official update: vaccination schedule released,1,2025-08-08 13:37:32.946677
342,Rumor circulating about celebrity incident,0,2025-08-08 13:38:32.946677
343,Satire piece about tech CEO,0,2025-08-08 13:39:32.946677
344,Analysis: election turnout data,0,2025-08-08 13:40:32.946677
345,Official update: vaccination schedule released,1,2025-08-08 13:41:32.946677
346,Analysis: election turnout data,0,2025-08-08 13:42:32.946677
347,Analysis: election turnout data,1,2025-08-08 13:43:32.946677
348,Breaking: new study claims coffee cures colds,0,2025-08-08 13:44:32.946677
349,Breaking: new study claims coffee cures colds,1,2025-08-08 13:45:32.946677
350,Satire piece about tech CEO,0,2025-08-08 13:46:32.946677
351,Breaking: new study claims coffee cures colds,0,2025-08-08 13:47:32.946677
352,Official update: vaccination schedule released,1,2025-08-08 13:48:32.946677
353,Satire piece about tech CEO,1,2025-08-08 13:49:32.946677
354,Analysis: election turnout data,0,2025-08-08 13:50:32.946677
355,Analysis: election turnout data,0,2025-08-08 13:51:32.946677
356,Breaking: new study claims coffee cures colds,1,2025-08-08 13:52:32.946677
357,Analysis: election turnout data,1,2025-08-08 13:53:32.946677
358,Breaking: new study claims coffee cures colds,0,2025-08-08 13:54:32.946677
359,Rumor circulating about celebrity incident,0,2025-08-08 13:55:32.946677
360,Analysis: election turnout data,1,2025-08-08 13:56:32.946677
361,Analysis: election turnout data,1,2025-08-08 13:57:32.946677
362,Official update: vaccination schedule released,1,2025-08-08 13:58:32.946677
363,Analysis: election turnout data,0,2025-08-08 13:59:32.946677
364,Breaking: new study claims coffee cures colds,0,2025-08-08 14:00:32.946677
365,Satire piece about tech CEO,1,2025-08-08 14:01:32.946677
366,Satire piece about tech CEO,1,2025-08-08 14:02:32.946677
367,Official update: vaccination schedule released,1,2025-08-08 14:03:32.946677
368,Breaking: new study claims coffee cures colds,0,2025-08-08 14:04:32.946677
369,Rumor circulating about celebrity incident,0,2025-08-08 14:05:32.946677
370,Official update: vaccination schedule released,1,2025-08-08 14:06:32.946677
371,Rumor circulating about celebrity incident,0,2025-08-08 14:07:32.946677
372,Satire piece about tech CEO,1,2025-08-08 14:08:32.946677
373,Official update: vaccination schedule released,0,2025-08-08 14:09:32.946677
374,Analysis: election turnout data,1,2025-08-08 14:10:32.946677
375,Breaking: new study claims coffee cures colds,1,2025-08-08 14:11:32.946677
376,Rumor circulating about celebrity incident,0,2025-08-08 14:12:32.946677
377,Rumor circulating about celebrity incident,0,2025-08-08 14:13:32.946677
378,Official update: vaccination schedule released,1,2025-08-08 14:14:32.946677
379,Official update: vaccination schedule released,0,2025-08-08 14:15:32.946677
380,Breaking: new study claims coffee cures colds,0,2025-08-08 14:16:32.946677
381,Analysis: election turnout data,1,2025-08-08 14:17:32.946677
382,Analysis: election turnout data,1,2025-08-08 14:18:32.946677
383,Official update: vaccination schedule released,0,2025-08-08 14:19:32.946677
384,Breaking: new study claims coffee cures colds,0,2025-08-08 14:20:32.946677
385,Breaking: new study claims coffee cures colds,0,2025-08-08 14:21:32.946677
386,Breaking: new study claims coffee cures colds,0,2025-08-08 14:22:32.946677
387,Analysis: election turnout data,0,2025-08-08 14:23:32.946677
388,Analysis: election turnout data,0,2025-08-08 14:24:32.946677
389,Breaking: new study claims coffee cures colds,1,2025-08-08 14:25:32.946677
390,Rumor circulating about celebrity incident,0,2025-08-08 14:26:32.946677
391,Breaking: new study claims coffee cures colds,1,2025-08-08 14:27:32.946677
392,Official update: vaccination schedule released,0,2025-08-08 14:28:32.946677
393,Satire piece about tech CEO,0,2025-08-08 14:29:32.946677
394,Rumor circulating about celebrity incident,1,2025-08-08 14:30:32.946677
395,Analysis: election turnout data,1,2025-08-08 14:31:32.946677
396,Breaking: new study claims coffee cures colds,0,2025-08-08 14:32:32.946677
397,Breaking: new study claims coffee cures colds,0,2025-08-08 14:33:32.946677
398,Official update: vaccination schedule released,0,2025-08-08 14:34:32.946677
399,Official update: vaccination schedule released,0,2025-08-08 14:35:32.946677
400,Analysis: election turnout data,0,2025-08-08 14:36:32.946677
401,Rumor circulating about celebrity incident,0,2025-08-08 14:37:32.946677
402,Official update: vaccination schedule released,0,2025-08-08 14:38:32.946677
403,Analysis: election turnout data,0,2025-08-08 14:39:32.946677
404,Satire piece about tech CEO,1,2025-08-08 14:40:32.946677
405,Satire piece about tech CEO,1,2025-08-08 14:41:32.946677
406,Satire piece about tech CEO,0,2025-08-08 14:42:32.946677
407,Breaking: new study claims coffee cures colds,0,2025-08-08 14:43:32.946677
408,Analysis: election turnout data,0,2025-08-08 14:44:32.946677
409,Breaking: new study claims coffee cures colds,0,2025-08-08 14:45:32.946677
410,Breaking: new study claims coffee cures colds,1,2025-08-08 14:46:32.946677
411,Official update: vaccination schedule released,1,2025-08-08 14:47:32.946677
412,Official update: vaccination schedule released,1,2025-08-08 14:48:32.946677
413,Breaking: new study claims coffee cures colds,1,2025-08-08 14:49:32.946677
414,Breaking: new study claims coffee cures colds,1,2025-08-08 14:50:32.946677
415,Rumor circulating about celebrity incident,1,2025-08-08 14:51:32.946677
416,Analysis: election turnout data,0,2025-08-08 14:52:32.946677
417,Breaking: new study claims coffee cures colds,0,2025-08-08 14:53:32.946677
418,Official update: vaccination schedule released,0,2025-08-08 14:54:32.946677
419,Satire piece about tech CEO,0,2025-08-08 14:55:32.946677
420,Analysis: election turnout data,0,2025-08-08 14:56:32.946677
421,Rumor circulating about celebrity incident,1,2025-08-08 14:57:32.946677
422,Rumor circulating about celebrity incident,1,2025-08-08 14:58:32.946677
423,Satire piece about tech CEO,0,2025-08-08 14:59:32.946677
424,Satire piece about tech CEO,0,2025-08-08 15:00:32.946677
425,Breaking: new study claims coffee cures colds,0,2025-08-08 15:01:32.946677
426,Analysis: election turnout data,0,2025-08-08 15:02:32.946677
427,Analysis: election turnout data,1,2025-08-08 15:03:32.946677
428,Breaking: new study claims coffee cures colds,0,2025-08-08 15:04:32.946677
429,Rumor circulating about celebrity incident,1,2025-08-08 15:05:32.946677
430,Breaking: new study claims coffee cures colds,0,2025-08-08 15:06:32.946677
431,Rumor circulating about celebrity incident,0,2025-08-08 15:07:32.946677
432,Analysis: election turnout data,0,2025-08-08 15:08:32.946677
433,Breaking: new study claims coffee cures colds,1,2025-08-08 15:09:32.946677
434,Satire piece about tech CEO,1,2025-08-08 15:10:32.946677
435,Breaking: new study claims coffee cures colds,0,2025-08-08 15:11:32.946677
436,Satire piece about tech CEO,1,2025-08-08 15:12:32.946677
437,Analysis: election turnout data,0,2025-08-08 15:13:32.946677
438,Breaking: new study claims coffee cures colds,1,2025-08-08 15:14:32.946677
439,Official update: vaccination schedule released,0,2025-08-08 15:15:32.946677
440,Analysis: election turnout data,0,2025-08-08 15:16:32.946677
441,Official update: vaccination schedule released,1,2025-08-08 15:17:32.946677
442,Breaking: new study claims coffee cures colds,0,2025-08-08 15:18:32.946677
443,Satire piece about tech CEO,0,2025-08-08 15:19:32.946677
444,Satire piece about tech CEO,0,2025-08-08 15:20:32.946677
445,Rumor circulating about celebrity incident,0,2025-08-08 15:21:32.946677
446,Official update: vaccination schedule released,1,2025-08-08 15:22:32.946677
447,Analysis: election turnout data,1,2025-08-08 15:23:32.946677
448,Satire piece about tech CEO,1,2025-08-08 15:24:32.946677
449,Official update: vaccination schedule released,0,2025-08-08 15:25:32.946677
450,Analysis: election turnout data,0,2025-08-08 15:26:32.946677
451,Analysis: election turnout data,0,2025-08-08 15:27:32.946677
452,Satire piece about tech CEO,0,2025-08-08 15:28:32.946677
453,Breaking: new study claims coffee cures colds,0,2025-08-08 15:29:32.946677
454,Satire piece about tech CEO,1,2025-08-08 15:30:32.946677
455,Satire piece about tech CEO,1,2025-08-08 15:31:32.946677
456,Breaking: new study claims coffee cures colds,1,2025-08-08 15:32:32.946677
457,Rumor circulating about celebrity incident,0,2025-08-08 15:33:32.946677
458,Analysis: election turnout data,0,2025-08-08 15:34:32.946677
459,Breaking: new study claims coffee cures colds,0,2025-08-08 15:35:32.946677
460,Rumor circulating about celebrity incident,0,2025-08-08 15:36:32.946677
461,Breaking: new study claims coffee cures colds,0,2025-08-08 15:37:32.946677
462,Rumor circulating about celebrity incident,0,2025-08-08 15:38:32.946677
463,Satire piece about tech CEO,0,2025-08-08 15:39:32.946677
464,Breaking: new study claims coffee cures colds,1,2025-08-08 15:40:32.946677
465,Analysis: election turnout data,0,2025-08-08 15:41:32.946677
466,Breaking: new study claims coffee cures colds,1,2025-08-08 15:42:32.946677
467,Satire piece about tech CEO,0,2025-08-08 15:43:32.946677
468,Breaking: new study claims coffee cures colds,0,2025-08-08 15:44:32.946677
469,Analysis: election turnout data,0,2025-08-08 15:45:32.946677
470,Rumor circulating about celebrity incident,0,2025-08-08 15:46:32.946677
471,Analysis: election turnout data,0,2025-08-08 15:47:32.946677
472,Satire piece about tech CEO,0,2025-08-08 15:48:32.946677
473,Satire piece about tech CEO,1,2025-08-08 15:49:32.946677
474,Rumor circulating about celebrity incident,0,2025-08-08 15:50:32.946677
475,Rumor circulating about celebrity incident,1,2025-08-08 15:51:32.946677
476,Analysis: election turnout data,0,2025-08-08 15:52:32.946677
477,Breaking: new study claims coffee cures colds,0,2025-08-08 15:53:32.946677
478,Rumor circulating about celebrity incident,0,2025-08-08 15:54:32.946677
479,Breaking: new study claims coffee cures colds,0,2025-08-08 15:55:32.946677
480,Official update: vaccination schedule released,1,2025-08-08 15:56:32.946677
481,Analysis: election turnout data,1,2025-08-08 15:57:32.946677
482,Official update: vaccination schedule released,1,2025-08-08 15:58:32.946677
483,Rumor circulating about celebrity incident,0,2025-08-08 15:59:32.946677
484,Satire piece about tech CEO,0,2025-08-08 16:00:32.946677
485,Official update: vaccination schedule released,1,2025-08-08 16:01:32.946677
486,Official update: vaccination schedule released,0,2025-08-08 16:02:32.946677
487,Satire piece about tech CEO,0,2025-08-08 16:03:32.946677
488,Rumor circulating about celebrity incident,0,2025-08-08 16:04:32.946677
489,Rumor circulating about celebrity incident,1,2025-08-08 16:05:32.946677
490,Analysis: election turnout data,1,2025-08-08 16:06:32.946677
491,Analysis: election turnout data,1,2025-08-08 16:07:32.946677
492,Rumor circulating about celebrity incident,1,2025-08-08 16:08:32.946677
493,Rumor circulating about celebrity incident,0,2025-08-08 16:09:32.946677
494,Official update: vaccination schedule released,1,2025-08-08 16:10:32.946677
495,Satire piece about tech CEO,0,2025-08-08 16:11:32.946677
496,Breaking: new study claims coffee cures colds,1,2025-08-08 16:12:32.946677
497,Official update: vaccination schedule released,0,2025-08-08 16:13:32.946677
498,Analysis: election turnout data,1,2025-08-08 16:14:32.946677
499,Satire piece about tech CEO,0,2025-08-08 16:15:32.946677
500,Breaking: new study claims coffee cures colds,0,2025-08-08 16:16:32.946677
501,Rumor circulating about celebrity incident,0,2025-08-08 16:17:32.946677
502,Analysis: election turnout data,0,2025-08-08 16:18:32.946677
503,Analysis: election turnout data,0,2025-08-08 16:19:32.946677
504,Official update: vaccination schedule released,1,2025-08-08 16:20:32.946677
505,Satire piece about tech CEO,0,2025-08-08 16:21:32.946677
506,Satire piece about tech CEO,1,2025-08-08 16:22:32.946677
507,Official update: vaccination schedule released,0,2025-08-08 16:23:32.946677
508,Official update: vaccination schedule released,1,2025-08-08 16:24:32.946677
509,Official update: vaccination schedule released,0,2025-08-08 16:25:32.946677
510,Analysis: election turnout data,1,2025-08-08 16:26:32.946677
511,Rumor circulating about celebrity incident,0,2025-08-08 16:27:32.946677
512,Analysis: election turnout data,0,2025-08-08 16:28:32.946677
513,Analysis: election turnout data,1,2025-08-08 16:29:32.946677
514,Analysis: election turnout data,0,2025-08-08 16:30:32.946677
515,Breaking: new study claims coffee cures colds,0,2025-08-08 16:31:32.946677
516,Analysis: election turnout data,1,2025-08-08 16:32:32.946677
517,Breaking: new study claims coffee cures colds,1,2025-08-08 16:33:32.946677
518,Satire piece about tech CEO,0,2025-08-08 16:34:32.946677
519,Satire piece about tech CEO,0,2025-08-08 16:35:32.946677
520,Official update: vaccination schedule released,1,2025-08-08 16:36:32.946677
521,Breaking: new study claims coffee cures colds,1,2025-08-08 16:37:32.946677
522,Breaking: new study claims coffee cures colds,1,2025-08-08 16:38:32.946677
523,Analysis: election turnout data,0,2025-08-08 16:39:32.946677
524,Official update: vaccination schedule released,1,2025-08-08 16:40:32.946677
525,Official update: vaccination schedule released,0,2025-08-08 16:41:32.946677
526,Analysis: election turnout data,1,2025-08-08 16:42:32.946677
527,Breaking: new study claims coffee cures colds,0,2025-08-08 16:43:32.946677
528,Analysis: election turnout data,1,2025-08-08 16:44:32.946677
529,Analysis: election turnout data,0,2025-08-08 16:45:32.946677
530,Satire piece about tech CEO,0,2025-08-08 16:46:32.946677
531,Breaking: new study claims coffee cures colds,1,2025-08-08 16:47:32.946677
532,Breaking: new study claims coffee cures colds,0,2025-08-08 16:48:32.946677
533,Official update: vaccination schedule released,1,2025-08-08 16:49:32.946677
534,Satire piece about tech CEO,0,2025-08-08 16:50:32.946677
535,Breaking: new study claims coffee cures colds,1,2025-08-08 16:51:32.946677
536,Satire piece about tech CEO,0,2025-08-08 16:52:32.946677
537,Breaking: new study claims coffee cures colds,0,2025-08-08 16:53:32.946677
538,Satire piece about tech CEO,0,2025-08-08 16:54:32.946677
539,Breaking: new study claims coffee cures colds,0,2025-08-08 16:55:32.946677
540,Rumor circulating about celebrity incident,0,2025-08-08 16:56:32.946677
541,Breaking: new study claims coffee cures colds,1,2025-08-08 16:57:32.946677
542,Breaking: new study claims coffee cures colds,1,2025-08-08 16:58:32.946677
543,Breaking: new study claims coffee cures colds,1,2025-08-08 16:59:32.946677
544,Analysis: election turnout data,0,2025-08-08 17:00:32.946677
545,Breaking: new study claims coffee cures colds,0,2025-08-08 17:01:32.946677
546,Satire piece about tech CEO,0,2025-08-08 17:02:32.946677
547,Satire piece about tech CEO,1,2025-08-08 17:03:32.946677
548,Satire piece about tech CEO,1,2025-08-08 17:04:32.946677
549,Rumor circulating about celebrity incident,0,2025-08-08 17:05:32.946677
550,Analysis: election turnout data,1,2025-08-08 17:06:32.946677
551,Official update: vaccination schedule released,0,2025-08-08 17:07:32.946677
552,Analysis: election turnout data,0,2025-08-08 17:08:32.946677
553,Official update: vaccination schedule released,0,2025-08-08 17:09:32.946677
554,Analysis: election turnout data,0,2025-08-08 17:10:32.946677
555,Satire piece about tech CEO,1,2025-08-08 17:11:32.946677
556,Rumor circulating about celebrity incident,1,2025-08-08 17:12:32.946677
557,Analysis: election turnout data,0,2025-08-08 17:13:32.946677
558,Rumor circulating about celebrity incident,0,2025-08-08 17:14:32.946677
559,Analysis: election turnout data,1,2025-08-08 17:15:32.946677
560,Satire piece about tech CEO,1,2025-08-08 17:16:32.946677
561,Breaking: new study claims coffee cures colds,1,2025-08-08 17:17:32.946677
562,Satire piece about tech CEO,0,2025-08-08 17:18:32.946677
563,Breaking: new study claims coffee cures colds,1,2025-08-08 17:19:32.946677
564,Analysis: election turnout data,0,2025-08-08 17:20:32.946677
565,Official update: vaccination schedule released,1,2025-08-08 17:21:32.946677
566,Official update: vaccination schedule released,0,2025-08-08 17:22:32.946677
567,Official update: vaccination schedule released,1,2025-08-08 17:23:32.946677
568,Rumor circulating about celebrity incident,0,2025-08-08 17:24:32.946677
569,Satire piece about tech CEO,0,2025-08-08 17:25:32.946677
570,Analysis: election turnout data,1,2025-08-08 17:26:32.946677
571,Satire piece about tech CEO,1,2025-08-08 17:27:32.946677
572,Official update: vaccination schedule released,0,2025-08-08 17:28:32.946677
573,Breaking: new study claims coffee cures colds,1,2025-08-08 17:29:32.946677
574,Breaking: new study claims coffee cures colds,1,2025-08-08 17:30:32.946677
575,Official update: vaccination schedule released,0,2025-08-08 17:31:32.946677
576,Analysis: election turnout data,0,2025-08-08 17:32:32.946677
577,Satire piece about tech CEO,0,2025-08-08 17:33:32.946677
578,Analysis: election turnout data,1,2025-08-08 17:34:32.946677
579,Breaking: new study claims coffee cures colds,0,2025-08-08 17:35:32.946677
580,Breaking: new study claims coffee cures colds,0,2025-08-08 17:36:32.946677
581,Analysis: election turnout data,1,2025-08-08 17:37:32.946677
582,Breaking: new study claims coffee cures colds,1,2025-08-08 17:38:32.946677
583,Breaking: new study claims coffee cures colds,1,2025-08-08 17:39:32.946677
584,Satire piece about tech CEO,1,2025-08-08 17:40:32.946677
585,Analysis: election turnout data,1,2025-08-08 17:41:32.946677
586,Rumor circulating about celebrity incident,1,2025-08-08 17:42:32.946677
587,Breaking: new study claims coffee cures colds,1,2025-08-08 17:43:32.946677
588,Analysis: election turnout data,0,2025-08-08 17:44:32.946677
589,Analysis: election turnout data,0,2025-08-08 17:45:32.946677
590,Analysis: election turnout data,0,2025-08-08 17:46:32.946677
591,Analysis: election turnout data,1,2025-08-08 17:47:32.946677
592,Official update: vaccination schedule released,0,2025-08-08 17:48:32.946677
593,Analysis: election turnout data,0,2025-08-08 17:49:32.946677
594,Official update: vaccination schedule released,0,2025-08-08 17:50:32.946677
595,Analysis: election turnout data,0,2025-08-08 17:51:32.946677
596,Satire piece about tech CEO,0,2025-08-08 17:52:32.946677
597,Rumor circulating about celebrity incident,1,2025-08-08 17:53:32.946677
598,Rumor circulating about celebrity incident,1,2025-08-08 17:54:32.946677
599,Rumor circulating about celebrity incident,0,2025-08-08 17:55:32.946677
600,Rumor circulating about celebrity incident,0,2025-08-08 17:56:32.946677
601,Rumor circulating about celebrity incident,0,2025-08-08 17:57:32.946677
602,Rumor circulating about celebrity incident,1,2025-08-08 17:58:32.946677
603,Breaking: new study claims coffee cures colds,1,2025-08-08 17:59:32.946677
604,Analysis: election turnout data,0,2025-08-08 18:00:32.946677
605,Satire piece about tech CEO,1,2025-08-08 18:01:32.946677
606,Official update: vaccination schedule released,0,2025-08-08 18:02:32.946677
607,Satire piece about tech CEO,0,2025-08-08 18:03:32.946677
608,Analysis: election turnout data,1,2025-08-08 18:04:32.946677
609,Analysis: election turnout data,0,2025-08-08 18:05:32.946677
610,Analysis: election turnout data,0,2025-08-08 18:06:32.946677
611,Satire piece about tech CEO,0,2025-08-08 18:07:32.946677
612,Rumor circulating about celebrity incident,1,2025-08-08 18:08:32.946677
613,Official update: vaccination schedule released,1,2025-08-08 18:09:32.946677
614,Rumor circulating about celebrity incident,1,2025-08-08 18:10:32.946677
615,Rumor circulating about celebrity incident,0,2025-08-08 18:11:32.946677
616,Official update: vaccination schedule released,0,2025-08-08 18:12:32.946677
617,Official update: vaccination schedule released,1,2025-08-08 18:13:32.946677
618,Breaking: new study claims coffee cures colds,0,2025-08-08 18:14:32.946677
619,Breaking: new study claims coffee cures colds,1,2025-08-08 18:15:32.946677
620,Satire piece about tech CEO,1,2025-08-08 18:16:32.946677
621,Satire piece about tech CEO,0,2025-08-08 18:17:32.946677
622,Breaking: new study claims coffee cures colds,1,2025-08-08 18:18:32.946677
623,Satire piece about tech CEO,0,2025-08-08 18:19:32.946677
624,Rumor circulating about celebrity incident,0,2025-08-08 18:20:32.946677
625,Official update: vaccination schedule released,0,2025-08-08 18:21:32.946677
626,Official update: vaccination schedule released,0,2025-08-08 18:22:32.946677
627,Official update: vaccination schedule released,1,2025-08-08 18:23:32.946677
628,Satire piece about tech CEO,1,2025-08-08 18:24:32.946677
629,Official update: vaccination schedule released,1,2025-08-08 18:25:32.946677
630,Rumor circulating about celebrity incident,1,2025-08-08 18:26:32.946677
631,Official update: vaccination schedule released,0,2025-08-08 18:27:32.946677
632,Satire piece about tech CEO,0,2025-08-08 18:28:32.946677
633,Official update: vaccination schedule released,1,2025-08-08 18:29:32.946677
634,Breaking: new study claims coffee cures colds,1,2025-08-08 18:30:32.946677
635,Rumor circulating about celebrity incident,0,2025-08-08 18:31:32.946677
636,Official update: vaccination schedule released,0,2025-08-08 18:32:32.946677
637,Official update: vaccination schedule released,0,2025-08-08 18:33:32.946677
638,Rumor circulating about celebrity incident,0,2025-08-08 18:34:32.946677
639,Analysis: election turnout data,1,2025-08-08 18:35:32.946677
640,Rumor circulating about celebrity incident,0,2025-08-08 18:36:32.946677
641,Analysis: election turnout data,1,2025-08-08 18:37:32.946677
642,Analysis: election turnout data,1,2025-08-08 18:38:32.946677
643,Satire piece about tech CEO,1,2025-08-08 18:39:32.946677
644,Rumor circulating about celebrity incident,0,2025-08-08 18:40:32.946677
645,Official update: vaccination schedule released,0,2025-08-08 18:41:32.946677
646,Satire piece about tech CEO,1,2025-08-08 18:42:32.946677
647,Satire piece about tech CEO,1,2025-08-08 18:43:32.946677
648,Analysis: election turnout data,0,2025-08-08 18:44:32.946677
649,Analysis: election turnout data,1,2025-08-08 18:45:32.946677
650,Satire piece about tech CEO,0,2025-08-08 18:46:32.946677
651,Rumor circulating about celebrity incident,1,2025-08-08 18:47:32.946677
652,Official update: vaccination schedule released,0,2025-08-08 18:48:32.946677
653,Analysis: election turnout data,0,2025-08-08 18:49:32.946677
654,Satire piece about tech CEO,0,2025-08-08 18:50:32.946677
655,Satire piece about tech CEO,0,2025-08-08 18:51:32.946677
656,Rumor circulating about celebrity incident,0,2025-08-08 18:52:32.946677
657,Rumor circulating about celebrity incident,0,2025-08-08 18:53:32.946677
658,Breaking: new study claims coffee cures colds,0,2025-08-08 18:54:32.946677
659,Official update: vaccination schedule released,1,2025-08-08 18:55:32.946677
660,Breaking: new study claims coffee cures colds,0,2025-08-08 18:56:32.946677
661,Rumor circulating about celebrity incident,1,2025-08-08 18:57:32.946677
662,Breaking: new study claims coffee cures colds,1,2025-08-08 18:58:32.946677
663,Official update: vaccination schedule released,0,2025-08-08 18:59:32.946677
664,Satire piece about tech CEO,0,2025-08-08 19:00:32.946677
665,Rumor circulating about celebrity incident,1,2025-08-08 19:01:32.946677
666,Satire piece about tech CEO,1,2025-08-08 19:02:32.946677
667,Analysis: election turnout data,0,2025-08-08 19:03:32.946677
668,Analysis: election turnout data,1,2025-08-08 19:04:32.946677
669,Breaking: new study claims coffee cures colds,0,2025-08-08 19:05:32.946677
670,Analysis: election turnout data,0,2025-08-08 19:06:32.946677
671,Rumor circulating about celebrity incident,1,2025-08-08 19:07:32.946677
672,Rumor circulating about celebrity incident,0,2025-08-08 19:08:32.946677
673,Breaking: new study claims coffee cures colds,1,2025-08-08 19:09:32.946677
674,Rumor circulating about celebrity incident,0,2025-08-08 19:10:32.946677
675,Rumor circulating about celebrity incident,1,2025-08-08 19:11:32.946677
676,Satire piece about tech CEO,0,2025-08-08 19:12:32.946677
677,Breaking: new study claims coffee cures colds,0,2025-08-08 19:13:32.946677
678,Satire piece about tech CEO,0,2025-08-08 19:14:32.946677
679,Analysis: election turnout data,0,2025-08-08 19:15:32.946677
680,Rumor circulating about celebrity incident,1,2025-08-08 19:16:32.946677
681,Breaking: new study claims coffee cures colds,0,2025-08-08 19:17:32.946677
682,Analysis: election turnout data,0,2025-08-08 19:18:32.946677
683,Analysis: election turnout data,0,2025-08-08 19:19:32.946677
684,Breaking: new study claims coffee cures colds,0,2025-08-08 19:20:32.946677
685,Analysis: election turnout data,1,2025-08-08 19:21:32.946677
686,Satire piece about tech CEO,0,2025-08-08 19:22:32.946677
687,Satire piece about tech CEO,1,2025-08-08 19:23:32.946677
688,Satire piece about tech CEO,0,2025-08-08 19:24:32.946677
689,Rumor circulating about celebrity incident,1,2025-08-08 19:25:32.946677
690,Analysis: election turnout data,0,2025-08-08 19:26:32.946677
691,Rumor circulating about celebrity incident,0,2025-08-08 19:27:32.946677
692,Analysis: election turnout data,1,2025-08-08 19:28:32.946677
693,Analysis: election turnout data,1,2025-08-08 19:29:32.946677
694,Breaking: new study claims coffee cures colds,1,2025-08-08 19:30:32.946677
695,Official update: vaccination schedule released,0,2025-08-08 19:31:32.946677
696,Rumor circulating about celebrity incident,0,2025-08-08 19:32:32.946677
697,Satire piece about tech CEO,1,2025-08-08 19:33:32.946677
698,Breaking: new study claims coffee cures colds,0,2025-08-08 19:34:32.946677
699,Breaking: new study claims coffee cures colds,1,2025-08-08 19:35:32.946677
700,Satire piece about tech CEO,0,2025-08-08 19:36:32.946677
701,Rumor circulating about celebrity incident,0,2025-08-08 19:37:32.946677
702,Breaking: new study claims coffee cures colds,1,2025-08-08 19:38:32.946677
703,Breaking: new study claims coffee cures colds,1,2025-08-08 19:39:32.946677
704,Breaking: new study claims coffee cures colds,0,2025-08-08 19:40:32.946677
705,Satire piece about tech CEO,0,2025-08-08 19:41:32.946677
706,Breaking: new study claims coffee cures colds,1,2025-08-08 19:42:32.946677
707,Satire piece about tech CEO,0,2025-08-08 19:43:32.946677
708,Satire piece about tech CEO,0,2025-08-08 19:44:32.946677
709,Satire piece about tech CEO,0,2025-08-08 19:45:32.946677
710,Rumor circulating about celebrity incident,1,2025-08-08 19:46:32.946677
711,Satire piece about tech CEO,1,2025-08-08 19:47:32.946677
712,Rumor circulating about celebrity incident,0,2025-08-08 19:48:32.946677
713,Rumor circulating about celebrity incident,0,2025-08-08 19:49:32.946677
714,Analysis: election turnout data,0,2025-08-08 19:50:32.946677
715,Rumor circulating about celebrity incident,0,2025-08-08 19:51:32.946677
716,Satire piece about tech CEO,0,2025-08-08 19:52:32.946677
717,Satire piece about tech CEO,0,2025-08-08 19:53:32.946677
718,Official update: vaccination schedule released,1,2025-08-08 19:54:32.946677
719,Satire piece about tech CEO,0,2025-08-08 19:55:32.946677
720,Breaking: new study claims coffee cures colds,0,2025-08-08 19:56:32.946677
721,Analysis: election turnout data,0,2025-08-08 19:57:32.946677
722,Analysis: election turnout data,1,2025-08-08 19:58:32.946677
723,Breaking: new study claims coffee cures colds,1,2025-08-08 19:59:32.946677
724,Rumor circulating about celebrity incident,0,2025-08-08 20:00:32.946677
725,Breaking: new study claims coffee cures colds,1,2025-08-08 20:01:32.946677
726,Rumor circulating about celebrity incident,0,2025-08-08 20:02:32.946677
727,Breaking: new study claims coffee cures colds,0,2025-08-08 20:03:32.946677
728,Satire piece about tech CEO,1,2025-08-08 20:04:32.946677
729,Rumor circulating about celebrity incident,0,2025-08-08 20:05:32.946677
730,Rumor circulating about celebrity incident,0,2025-08-08 20:06:32.946677
731,Satire piece about tech CEO,0,2025-08-08 20:07:32.946677
732,Analysis: election turnout data,0,2025-08-08 20:08:32.946677
733,Rumor circulating about celebrity incident,1,2025-08-08 20:09:32.946677
734,Official update: vaccination schedule released,0,2025-08-08 20:10:32.946677
735,Rumor circulating about celebrity incident,0,2025-08-08 20:11:32.946677
736,Rumor circulating about celebrity incident,0,2025-08-08 20:12:32.946677
737,Official update: vaccination schedule released,0,2025-08-08 20:13:32.946677
738,Rumor circulating about celebrity incident,0,2025-08-08 20:14:32.946677
739,Analysis: election turnout data,0,2025-08-08 20:15:32.946677
740,Analysis: election turnout data,1,2025-08-08 20:16:32.946677
741,Rumor circulating about celebrity incident,0,2025-08-08 20:17:32.946677
742,Rumor circulating about celebrity incident,0,2025-08-08 20:18:32.946677
743,Official update: vaccination schedule released,0,2025-08-08 20:19:32.946677
744,Rumor circulating about celebrity incident,0,2025-08-08 20:20:32.946677
745,Official update: vaccination schedule released,0,2025-08-08 20:21:32.946677
746,Satire piece about tech CEO,1,2025-08-08 20:22:32.946677
747,Official update: vaccination schedule released,0,2025-08-08 20:23:32.946677
748,Official update: vaccination schedule released,1,2025-08-08 20:24:32.946677
749,Breaking: new study claims coffee cures colds,1,2025-08-08 20:25:32.946677
750,Analysis: election turnout data,0,2025-08-08 20:26:32.946677
751,Breaking: new study claims coffee cures colds,0,2025-08-08 20:27:32.946677
752,Breaking: new study claims coffee cures colds,0,2025-08-08 20:28:32.946677
753,Analysis: election turnout data,1,2025-08-08 20:29:32.946677
754,Satire piece about tech CEO,0,2025-08-08 20:30:32.946677
755,Satire piece about tech CEO,1,2025-08-08 20:31:32.946677
756,Rumor circulating about celebrity incident,1,2025-08-08 20:32:32.946677
757,Official update: vaccination schedule released,1,2025-08-08 20:33:32.946677
758,Breaking: new study claims coffee cures colds,0,2025-08-08 20:34:32.946677
759,Rumor circulating about celebrity incident,1,2025-08-08 20:35:32.946677
760,Breaking: new study claims coffee cures colds,0,2025-08-08 20:36:32.946677
761,Satire piece about tech CEO,0,2025-08-08 20:37:32.946677
762,Analysis: election turnout data,0,2025-08-08 20:38:32.946677
763,Analysis: election turnout data,1,2025-08-08 20:39:32.946677
764,Official update: vaccination schedule released,0,2025-08-08 20:40:32.946677
765,Rumor circulating about celebrity incident,1,2025-08-08 20:41:32.946677
766,Rumor circulating about celebrity incident,0,2025-08-08 20:42:32.946677
767,Satire piece about tech CEO,1,2025-08-08 20:43:32.946677
768,Breaking: new study claims coffee cures colds,0,2025-08-08 20:44:32.946677
769,Official update: vaccination schedule released,0,2025-08-08 20:45:32.946677
770,Rumor circulating about celebrity incident,1,2025-08-08 20:46:32.946677
771,Analysis: election turnout data,0,2025-08-08 20:47:32.946677
772,Breaking: new study claims coffee cures colds,0,2025-08-08 20:48:32.946677
773,Rumor circulating about celebrity incident,0,2025-08-08 20:49:32.946677
774,Analysis: election turnout data,0,2025-08-08 20:50:32.946677
775,Analysis: election turnout data,0,2025-08-08 20:51:32.946677
776,Satire piece about tech CEO,0,2025-08-08 20:52:32.946677
777,Breaking: new study claims coffee cures colds,0,2025-08-08 20:53:32.946677
778,Official update: vaccination schedule released,1,2025-08-08 20:54:32.946677
779,Analysis: election turnout data,0,2025-08-08 20:55:32.946677
780,Analysis: election turnout data,0,2025-08-08 20:56:32.946677
781,Rumor circulating about celebrity incident,0,2025-08-08 20:57:32.946677
782,Breaking: new study claims coffee cures colds,0,2025-08-08 20:58:32.946677
783,Breaking: new study claims coffee cures colds,1,2025-08-08 20:59:32.946677
784,Satire piece about tech CEO,1,2025-08-08 21:00:32.946677
785,Satire piece about tech CEO,1,2025-08-08 21:01:32.946677
786,Breaking: new study claims coffee cures colds,0,2025-08-08 21:02:32.946677
787,Rumor circulating about celebrity incident,0,2025-08-08 21:03:32.946677
788,Satire piece about tech CEO,0,2025-08-08 21:04:32.946677
789,Breaking: new study claims coffee cures colds,0,2025-08-08 21:05:32.946677
790,Breaking: new study claims coffee cures colds,0,2025-08-08 21:06:32.946677
791,Satire piece about tech CEO,1,2025-08-08 21:07:32.946677
792,Rumor circulating about celebrity incident,0,2025-08-08 21:08:32.946677
793,Analysis: election turnout data,0,2025-08-08 21:09:32.946677
794,Satire piece about tech CEO,0,2025-08-08 21:10:32.946677
795,Official update: vaccination schedule released,0,2025-08-08 21:11:32.946677
796,Analysis: election turnout data,0,2025-08-08 21:12:32.946677
797,Satire piece about tech CEO,0,2025-08-08 21:13:32.946677
798,Official update: vaccination schedule released,1,2025-08-08 21:14:32.946677
799,Satire piece about tech CEO,0,2025-08-08 21:15:32.946677
800,Breaking: new study claims coffee cures colds,0,2025-08-08 21:16:32.946677
801,Official update: vaccination schedule released,0,2025-08-08 21:17:32.946677
802,Satire piece about tech CEO,1,2025-08-08 21:18:32.946677
803,Analysis: election turnout data,0,2025-08-08 21:19:32.946677
804,Rumor circulating about celebrity incident,1,2025-08-08 21:20:32.946677
805,Rumor circulating about celebrity incident,1,2025-08-08 21:21:32.946677
806,Satire piece about tech CEO,0,2025-08-08 21:22:32.946677
807,Breaking: new study claims coffee cures colds,1,2025-08-08 21:23:32.946677
808,Official update: vaccination schedule released,0,2025-08-08 21:24:32.946677
809,Analysis: election turnout data,1,2025-08-08 21:25:32.946677
810,Breaking: new study claims coffee cures colds,0,2025-08-08 21:26:32.946677
811,Analysis: election turnout data,1,2025-08-08 21:27:32.946677
812,Rumor circulating about celebrity incident,0,2025-08-08 21:28:32.946677
813,Official update: vaccination schedule released,0,2025-08-08 21:29:32.946677
814,Rumor circulating about celebrity incident,0,2025-08-08 21:30:32.946677
815,Analysis: election turnout data,1,2025-08-08 21:31:32.946677
816,Breaking: new study claims coffee cures colds,0,2025-08-08 21:32:32.946677
817,Breaking: new study claims coffee cures colds,0,2025-08-08 21:33:32.946677
818,Rumor circulating about celebrity incident,1,2025-08-08 21:34:32.946677
819,Analysis: election turnout data,1,2025-08-08 21:35:32.946677
820,Breaking: new study claims coffee cures colds,0,2025-08-08 21:36:32.946677
821,Rumor circulating about celebrity incident,0,2025-08-08 21:37:32.946677
822,Breaking: new study claims coffee cures colds,0,2025-08-08 21:38:32.946677
823,Rumor circulating about celebrity incident,1,2025-08-08 21:39:32.946677
824,Rumor circulating about celebrity incident,0,2025-08-08 21:40:32.946677
825,Breaking: new study claims coffee cures colds,1,2025-08-08 21:41:32.946677
826,Rumor circulating about celebrity incident,0,2025-08-08 21:42:32.946677
827,Analysis: election turnout data,0,2025-08-08 21:43:32.946677
828,Analysis: election turnout data,0,2025-08-08 21:44:32.946677
829,Breaking: new study claims coffee cures colds,0,2025-08-08 21:45:32.946677
830,Official update: vaccination schedule released,1,2025-08-08 21:46:32.946677
831,Official update: vaccination schedule released,0,2025-08-08 21:47:32.946677
832,Satire piece about tech CEO,0,2025-08-08 21:48:32.946677
833,Breaking: new study claims coffee cures colds,1,2025-08-08 21:49:32.946677
834,Analysis: election turnout data,1,2025-08-08 21:50:32.946677
835,Rumor circulating about celebrity incident,1,2025-08-08 21:51:32.946677
836,Analysis: election turnout data,0,2025-08-08 21:52:32.946677
837,Breaking: new study claims coffee cures colds,0,2025-08-08 21:53:32.946677
838,Breaking: new study claims coffee cures colds,1,2025-08-08 21:54:32.946677
839,Analysis: election turnout data,0,2025-08-08 21:55:32.946677
840,Official update: vaccination schedule released,0,2025-08-08 21:56:32.946677
841,Rumor circulating about celebrity incident,1,2025-08-08 21:57:32.946677
842,Analysis: election turnout data,0,2025-08-08 21:58:32.946677
843,Breaking: new study claims coffee cures colds,0,2025-08-08 21:59:32.946677
844,Breaking: new study claims coffee cures colds,1,2025-08-08 22:00:32.946677
845,Breaking: new study claims coffee cures colds,1,2025-08-08 22:01:32.946677
846,Breaking: new study claims coffee cures colds,0,2025-08-08 22:02:32.946677
847,Breaking: new study claims coffee cures colds,0,2025-08-08 22:03:32.946677
848,Analysis: election turnout data,0,2025-08-08 22:04:32.946677
849,Rumor circulating about celebrity incident,0,2025-08-08 22:05:32.946677
850,Analysis: election turnout data,1,2025-08-08 22:06:32.946677
851,Analysis: election turnout data,1,2025-08-08 22:07:32.946677
852,Analysis: election turnout data,0,2025-08-08 22:08:32.946677
853,Official update: vaccination schedule released,0,2025-08-08 22:09:32.946677
854,Official update: vaccination schedule released,1,2025-08-08 22:10:32.946677
855,Analysis: election turnout data,0,2025-08-08 22:11:32.946677
856,Official update: vaccination schedule released,0,2025-08-08 22:12:32.946677
857,Breaking: new study claims coffee cures colds,0,2025-08-08 22:13:32.946677
858,Rumor circulating about celebrity incident,1,2025-08-08 22:14:32.946677
859,Analysis: election turnout data,0,2025-08-08 22:15:32.946677
860,Analysis: election turnout data,1,2025-08-08 22:16:32.946677
861,Analysis: election turnout data,0,2025-08-08 22:17:32.946677
862,Breaking: new study claims coffee cures colds,1,2025-08-08 22:18:32.946677
863,Rumor circulating about celebrity incident,0,2025-08-08 22:19:32.946677
864,Analysis: election turnout data,0,2025-08-08 22:20:32.946677
865,Rumor circulating about celebrity incident,0,2025-08-08 22:21:32.946677
866,Analysis: election turnout data,0,2025-08-08 22:22:32.946677
867,Analysis: election turnout data,0,2025-08-08 22:23:32.946677
868,Satire piece about tech CEO,0,2025-08-08 22:24:32.946677
869,Breaking: new study claims coffee cures colds,0,2025-08-08 22:25:32.946677
870,Satire piece about tech CEO,0,2025-08-08 22:26:32.946677
871,Official update: vaccination schedule released,1,2025-08-08 22:27:32.946677
872,Breaking: new study claims coffee cures colds,0,2025-08-08 22:28:32.946677
873,Breaking: new study claims coffee cures colds,1,2025-08-08 22:29:32.946677
874,Rumor circulating about celebrity incident,1,2025-08-08 22:30:32.946677
875,Satire piece about tech CEO,0,2025-08-08 22:31:32.946677
876,Satire piece about tech CEO,1,2025-08-08 22:32:32.946677
877,Rumor circulating about celebrity incident,1,2025-08-08 22:33:32.946677
878,Satire piece about tech CEO,1,2025-08-08 22:34:32.946677
879,Rumor circulating about celebrity incident,0,2025-08-08 22:35:32.946677
880,Breaking: new study claims coffee cures colds,0,2025-08-08 22:36:32.946677
881,Analysis: election turnout data,0,2025-08-08 22:37:32.946677
882,Satire piece about tech CEO,0,2025-08-08 22:38:32.946677
883,Breaking: new study claims coffee cures colds,1,2025-08-08 22:39:32.946677
884,Analysis: election turnout data,1,2025-08-08 22:40:32.946677
885,Rumor circulating about celebrity incident,0,2025-08-08 22:41:32.946677
886,Breaking: new study claims coffee cures colds,1,2025-08-08 22:42:32.946677
887,Breaking: new study claims coffee cures colds,0,2025-08-08 22:43:32.946677
888,Breaking: new study claims coffee cures colds,1,2025-08-08 22:44:32.946677
889,Official update: vaccination schedule released,0,2025-08-08 22:45:32.946677
890,Breaking: new study claims coffee cures colds,1,2025-08-08 22:46:32.946677
891,Rumor circulating about celebrity incident,1,2025-08-08 22:47:32.946677
892,Satire piece about tech CEO,0,2025-08-08 22:48:32.946677
893,Analysis: election turnout data,0,2025-08-08 22:49:32.946677
894,Rumor circulating about celebrity incident,1,2025-08-08 22:50:32.946677
895,Rumor circulating about celebrity incident,0,2025-08-08 22:51:32.946677
896,Satire piece about tech CEO,0,2025-08-08 22:52:32.946677
897,Breaking: new study claims coffee cures colds,1,2025-08-08 22:53:32.946677
898,Breaking: new study claims coffee cures colds,0,2025-08-08 22:54:32.946677
899,Rumor circulating about celebrity incident,0,2025-08-08 22:55:32.946677
900,Breaking: new study claims coffee cures colds,0,2025-08-08 22:56:32.946677
901,Breaking: new study claims coffee cures colds,0,2025-08-08 22:57:32.946677
902,Official update: vaccination schedule released,1,2025-08-08 22:58:32.946677
903,Analysis: election turnout data,0,2025-08-08 22:59:32.946677
904,Satire piece about tech CEO,0,2025-08-08 23:00:32.946677
905,Rumor circulating about celebrity incident,0,2025-08-08 23:01:32.946677
906,Satire piece about tech CEO,1,2025-08-08 23:02:32.946677
907,Breaking: new study claims coffee cures colds,0,2025-08-08 23:03:32.946677
908,Official update: vaccination schedule released,1,2025-08-08 23:04:32.946677
909,Breaking: new study claims coffee cures colds,1,2025-08-08 23:05:32.946677
910,Rumor circulating about celebrity incident,1,2025-08-08 23:06:32.946677
911,Breaking: new study claims coffee cures colds,1,2025-08-08 23:07:32.946677
912,Official update: vaccination schedule released,1,2025-08-08 23:08:32.946677
913,Analysis: election turnout data,1,2025-08-08 23:09:32.946677
914,Satire piece about tech CEO,0,2025-08-08 23:10:32.946677
915,Satire piece about tech CEO,1,2025-08-08 23:11:32.946677
916,Satire piece about tech CEO,0,2025-08-08 23:12:32.946677
917,Rumor circulating about celebrity incident,0,2025-08-08 23:13:32.946677
918,Official update: vaccination schedule released,1,2025-08-08 23:14:32.946677
919,Rumor circulating about celebrity incident,1,2025-08-08 23:15:32.946677
920,Analysis: election turnout data,1,2025-08-08 23:16:32.946677
921,Satire piece about tech CEO,0,2025-08-08 23:17:32.946677
922,Satire piece about tech CEO,0,2025-08-08 23:18:32.946677
923,Breaking: new study claims coffee cures colds,0,2025-08-08 23:19:32.946677
924,Official update: vaccination schedule released,0,2025-08-08 23:20:32.946677
925,Analysis: election turnout data,0,2025-08-08 23:21:32.946677
926,Satire piece about tech CEO,0,2025-08-08 23:22:32.946677
927,Official update: vaccination schedule released,0,2025-08-08 23:23:32.946677
928,Satire piece about tech CEO,1,2025-08-08 23:24:32.946677
929,Satire piece about tech CEO,0,2025-08-08 23:25:32.946677
930,Satire piece about tech CEO,1,2025-08-08 23:26:32.946677
931,Rumor circulating about celebrity incident,1,2025-08-08 23:27:32.946677
932,Official update: vaccination schedule released,0,2025-08-08 23:28:32.946677
933,Rumor circulating about celebrity incident,0,2025-08-08 23:29:32.946677
934,Satire piece about tech CEO,0,2025-08-08 23:30:32.946677
935,Analysis: election turnout data,1,2025-08-08 23:31:32.946677
936,Breaking: new study claims coffee cures colds,0,2025-08-08 23:32:32.946677
937,Breaking: new study claims coffee cures colds,0,2025-08-08 23:33:32.946677
938,Satire piece about tech CEO,1,2025-08-08 23:34:32.946677
939,Satire piece about tech CEO,1,2025-08-08 23:35:32.946677
940,Rumor circulating about celebrity incident,0,2025-08-08 23:36:32.946677
941,Satire piece about tech CEO,0,2025-08-08 23:37:32.946677
942,Analysis: election turnout data,0,2025-08-08 23:38:32.946677
943,Satire piece about tech CEO,0,2025-08-08 23:39:32.946677
944,Breaking: new study claims coffee cures colds,0,2025-08-08 23:40:32.946677
945,Breaking: new study claims coffee cures colds,0,2025-08-08 23:41:32.946677
946,Analysis: election turnout data,1,2025-08-08 23:42:32.946677
947,Breaking: new study claims coffee cures colds,0,2025-08-08 23:43:32.946677
948,Analysis: election turnout data,1,2025-08-08 23:44:32.946677
949,Official update: vaccination schedule released,0,2025-08-08 23:45:32.946677
950,Breaking: new study claims coffee cures colds,1,2025-08-08 23:46:32.946677
951,Official update: vaccination schedule released,1,2025-08-08 23:47:32.946677
952,Rumor circulating about celebrity incident,1,2025-08-08 23:48:32.946677
953,Satire piece about tech CEO,1,2025-08-08 23:49:32.946677
954,Rumor circulating about celebrity incident,0,2025-08-08 23:50:32.946677
955,Rumor circulating about celebrity incident,0,2025-08-08 23:51:32.946677
956,Satire piece about tech CEO,0,2025-08-08 23:52:32.946677
957,Rumor circulating about celebrity incident,0,2025-08-08 23:53:32.946677
958,Analysis: election turnout data,1,2025-08-08 23:54:32.946677
959,Satire piece about tech CEO,0,2025-08-08 23:55:32.946677
960,Breaking: new study claims coffee cures colds,1,2025-08-08 23:56:32.946677
961,Satire piece about tech CEO,0,2025-08-08 23:57:32.946677
962,Analysis: election turnout data,0,2025-08-08 23:58:32.946677
963,Official update: vaccination schedule released,0,2025-08-08 23:59:32.946677
964,Analysis: election turnout data,1,2025-08-09 00:00:32.946677
965,Satire piece about tech CEO,1,2025-08-09 00:01:32.946677
966,Rumor circulating about celebrity incident,0,2025-08-09 00:02:32.946677
967,Official update: vaccination schedule released,0,2025-08-09 00:03:32.946677
968,Analysis: election turnout data,1,2025-08-09 00:04:32.946677
969,Breaking: new study claims coffee cures colds,0,2025-08-09 00:05:32.946677
970,Official update: vaccination schedule released,1,2025-08-09 00:06:32.946677
971,Satire piece about tech CEO,0,2025-08-09 00:07:32.946677
972,Satire piece about tech CEO,0,2025-08-09 00:08:32.946677
973,Satire piece about tech CEO,0,2025-08-09 00:09:32.946677
974,Breaking: new study claims coffee cures colds,0,2025-08-09 00:10:32.946677
975,Official update: vaccination schedule released,0,2025-08-09 00:11:32.946677
976,Breaking: new study claims coffee cures colds,0,2025-08-09 00:12:32.946677
977,Satire piece about tech CEO,1,2025-08-09 00:13:32.946677
978,Official update: vaccination schedule released,0,2025-08-09 00:14:32.946677
979,Satire piece about tech CEO,0,2025-08-09 00:15:32.946677
980,Satire piece about tech CEO,0,2025-08-09 00:16:32.946677
981,Rumor circulating about celebrity incident,0,2025-08-09 00:17:32.946677
982,Satire piece about tech CEO,0,2025-08-09 00:18:32.946677
983,Rumor circulating about celebrity incident,0,2025-08-09 00:19:32.946677
984,Satire piece about tech CEO,1,2025-08-09 00:20:32.946677
985,Rumor circulating about celebrity incident,0,2025-08-09 00:21:32.946677
986,Rumor circulating about celebrity incident,1,2025-08-09 00:22:32.946677
987,Official update: vaccination schedule released,0,2025-08-09 00:23:32.946677
988,Official update: vaccination schedule released,1,2025-08-09 00:24:32.946677
989,Rumor circulating about celebrity incident,0,2025-08-09 00:25:32.946677
990,Official update: vaccination schedule released,0,2025-08-09 00:26:32.946677
991,Satire piece about tech CEO,1,2025-08-09 00:27:32.946677
992,Breaking: new study claims coffee cures colds,1,2025-08-09 00:28:32.946677
993,Satire piece about tech CEO,1,2025-08-09 00:29:32.946677
994,Satire piece about tech CEO,0,2025-08-09 00:30:32.946677
995,Rumor circulating about celebrity incident,1,2025-08-09 00:31:32.946677
996,Satire piece about tech CEO,1,2025-08-09 00:32:32.946677
997,Official update: vaccination schedule released,1,2025-08-09 00:33:32.946677
998,Analysis: election turnout data,0,2025-08-09 00:34:32.946677
999,Satire piece about tech CEO,1,2025-08-09 00:35:32.946677
